{"queryCatalog":[{"queryID":"abilities","queryDescription":"","queryCode":"PREFIX rdfs: <http://www.w3.org/2000/01/rdf-schema#>\nPREFIX xml: <http://www.w3.org/XML/1998/namespace>\nPREFIX : <http://www.obdasystems.com/demo/superheroes/>\nPREFIX xsd: <http://www.w3.org/2001/XMLSchema#>\nPREFIX sh: <http://www.obdasystems.com/demo/superheroes/#>\nPREFIX rdf: <http://www.w3.org/1999/02/22-rdf-syntax-ns#>\nPREFIX owl: <http://www.w3.org/2002/07/owl#>\n\nSELECT $ab \nWHERE {$ab a sh:Ability}\n","constructResultsRDFSyntax":"TURTLE","construct":false},{"queryID":"abilities_name","queryDescription":"","queryCode":"PREFIX rdfs: <http://www.w3.org/2000/01/rdf-schema#>\nPREFIX xml: <http://www.w3.org/XML/1998/namespace>\nPREFIX : <http://www.obdasystems.com/demo/superheroes/>\nPREFIX xsd: <http://www.w3.org/2001/XMLSchema#>\nPREFIX sh: <http://www.obdasystems.com/demo/superheroes/#>\nPREFIX rdf: <http://www.w3.org/1999/02/22-rdf-syntax-ns#>\nPREFIX owl: <http://www.w3.org/2002/07/owl#>\n\nSELECT $ab_name\nWHERE {   \n    $ab a sh:Ability.\n    $ab sh:name $ab_name   }\n","constructResultsRDFSyntax":"TURTLE","construct":false},{"queryID":"extraterrestrials","queryDescription":"","queryCode":"PREFIX rdfs: <http://www.w3.org/2000/01/rdf-schema#>\nPREFIX xml: <http://www.w3.org/XML/1998/namespace>\nPREFIX : <http://www.obdasystems.com/demo/superheroes/>\nPREFIX xsd: <http://www.w3.org/2001/XMLSchema#>\nPREFIX sh: <http://www.obdasystems.com/demo/superheroes/#>\nPREFIX rdf: <http://www.w3.org/1999/02/22-rdf-syntax-ns#>\nPREFIX owl: <http://www.w3.org/2002/07/owl#>\n\nSELECT   $ex_name $planet $ability_name\nWHERE {  $ex a sh:Extraterrestrial.\n    $ex sh:name $ex_name.\n    $ex sh:origin_planet_name $planet.\n    $ex sh:has_ability $ability.\n    $ability sh:name $ability_name }\n","constructResultsRDFSyntax":"TURTLE","construct":false},{"queryID":"flight","queryDescription":"","queryCode":"PREFIX rdfs: <http://www.w3.org/2000/01/rdf-schema#>\nPREFIX xml: <http://www.w3.org/XML/1998/namespace>\nPREFIX : <http://www.obdasystems.com/demo/superheroes/>\nPREFIX xsd: <http://www.w3.org/2001/XMLSchema#>\nPREFIX sh: <http://www.obdasystems.com/demo/superheroes/#>\nPREFIX rdf: <http://www.w3.org/1999/02/22-rdf-syntax-ns#>\nPREFIX owl: <http://www.w3.org/2002/07/owl#>\n\nSELECT     $sup_name $vi_name $planet\nWHERE  { $vi sh:is_enemy_of $sup.\n    $vi sh:name $vi_name.\n    $sup sh:name $sup_name.\n    $vi sh:origin_planet_name $planet.\n    $vi sh:has_ability $ab.\n    $ab sh:name 'Flight'^^xsd:string }\n","constructResultsRDFSyntax":"TURTLE","construct":false}]}